IP,Time,Browser
10.222.131.149,11/Nov/2021:00:06:59,Safari
10.222.131.214,11/Nov/2021:12:23:33,Safari
10.222.128.55,11/Nov/2021:12:42:27,Safari
10.222.128.55,11/Nov/2021:12:42:27,Safari
10.222.128.55,11/Nov/2021:12:42:27,Safari
10.222.128.55,11/Nov/2021:12:42:27,Safari
10.222.128.55,11/Nov/2021:12:42:27,Safari
10.222.128.55,11/Nov/2021:12:42:27,Safari
10.222.128.55,11/Nov/2021:12:42:27,Safari
10.222.128.55,11/Nov/2021:12:42:27,Safari
10.222.128.55,11/Nov/2021:12:42:27,Safari
10.222.128.55,11/Nov/2021:12:42:27,Safari
10.222.128.55,11/Nov/2021:12:42:27,Safari
10.222.128.55,11/Nov/2021:12:42:27,Safari
10.222.128.55,11/Nov/2021:12:42:27,Safari
10.222.128.55,11/Nov/2021:12:42:31,Safari
10.222.128.55,11/Nov/2021:12:42:31,Safari
10.222.128.55,11/Nov/2021:12:42:31,Safari
10.82.63.15,11/Nov/2021:14:31:12,Safari
10.82.63.15,11/Nov/2021:14:31:13,Safari
10.82.63.15,11/Nov/2021:14:31:13,Safari
10.82.213.91,11/Nov/2021:15:17:30,Safari
10.82.213.91,11/Nov/2021:15:17:31,Safari
10.82.213.91,11/Nov/2021:15:17:31,Safari
10.82.213.91,11/Nov/2021:15:17:31,Safari
10.82.213.91,11/Nov/2021:15:17:31,Safari
10.82.213.91,11/Nov/2021:15:17:31,Safari
10.82.213.91,11/Nov/2021:15:17:31,Safari
10.82.213.91,11/Nov/2021:15:17:31,Safari
10.82.213.91,11/Nov/2021:15:17:31,Safari
10.82.213.91,11/Nov/2021:15:17:31,Safari
10.82.213.91,11/Nov/2021:15:17:31,Safari
10.82.213.91,11/Nov/2021:15:17:31,Safari
10.82.213.91,11/Nov/2021:15:17:31,Safari
10.82.213.91,11/Nov/2021:15:17:47,Safari
10.82.213.91,11/Nov/2021:15:17:47,Safari
10.82.213.91,11/Nov/2021:15:17:47,Safari
10.82.213.91,11/Nov/2021:15:18:41,Safari
10.82.213.91,11/Nov/2021:15:18:41,Safari
10.82.213.91,11/Nov/2021:15:18:43,Safari
10.82.213.91,11/Nov/2021:15:18:44,Safari
10.82.213.91,11/Nov/2021:15:18:44,Safari
10.82.213.91,11/Nov/2021:17:03:51,Safari
10.82.213.91,11/Nov/2021:17:03:51,Safari
10.82.213.91,11/Nov/2021:17:03:52,Safari
10.82.213.91,11/Nov/2021:17:03:52,Safari
10.82.213.91,11/Nov/2021:17:03:52,Safari
10.82.213.91,11/Nov/2021:17:03:52,Safari
10.82.213.91,11/Nov/2021:17:03:52,Safari
10.82.213.91,11/Nov/2021:17:03:52,Safari
10.82.213.91,11/Nov/2021:17:03:52,Safari
10.82.213.91,11/Nov/2021:17:03:52,Safari
10.82.213.91,11/Nov/2021:17:03:52,Safari
10.82.213.91,11/Nov/2021:17:03:52,Safari
10.82.213.91,11/Nov/2021:17:03:52,Safari
10.82.213.91,11/Nov/2021:17:03:57,Safari
10.82.63.15,11/Nov/2021:17:08:27,Safari
10.82.63.15,11/Nov/2021:17:08:28,Safari
10.82.63.15,11/Nov/2021:17:08:28,Safari
10.82.63.15,11/Nov/2021:17:08:28,Safari
10.82.63.15,11/Nov/2021:17:08:28,Safari
10.82.63.15,11/Nov/2021:17:08:28,Safari
10.82.63.15,11/Nov/2021:17:08:28,Safari
10.82.63.15,11/Nov/2021:17:08:28,Safari
10.82.63.15,11/Nov/2021:17:08:28,Safari
10.82.63.15,11/Nov/2021:17:08:28,Safari
10.82.63.15,11/Nov/2021:17:08:28,Safari
10.82.63.15,11/Nov/2021:17:08:28,Safari
10.82.63.15,11/Nov/2021:17:08:28,Safari
10.82.63.15,11/Nov/2021:17:08:30,Safari
10.82.63.15,11/Nov/2021:17:08:40,Safari
10.82.63.15,11/Nov/2021:17:08:41,Safari
10.82.63.15,11/Nov/2021:17:09:13,Safari
10.82.63.15,11/Nov/2021:17:09:13,Safari
10.82.229.116,11/Nov/2021:18:13:44,Safari
10.222.128.36,11/Nov/2021:21:44:35,Safari
10.222.128.36,11/Nov/2021:21:44:35,Safari
10.222.128.36,11/Nov/2021:21:44:35,Safari
10.222.128.36,11/Nov/2021:21:44:35,Safari
10.222.128.36,11/Nov/2021:21:45:59,Safari
10.82.56.139,11/Nov/2021:22:36:34,Edg
